-- Insert data into DRIVER
INSERT INTO DRIVER (DriverID, FirstName, LastName, Phone, LicenseNumber, LicenseType, HireDate)
VALUES (1,'Noam','Levi','0500000001',100001,'B','2020-01-01');

INSERT INTO DRIVER (DriverID, FirstName, LastName, Phone, LicenseNumber, LicenseType, HireDate)
VALUES (2,'Amit','Cohen','0500000002',100002,'C','2020-01-02');

INSERT INTO DRIVER (DriverID, FirstName, LastName, Phone, LicenseNumber, LicenseType, HireDate)
VALUES (3,'Roi','Mizrahi','0500000003',100003,'D','2020-01-03');

INSERT INTO DRIVER (DriverID, FirstName, LastName, Phone, LicenseNumber, LicenseType, HireDate)
VALUES (4,'Yossi','Goldberg','0500000004',100004,'B','2020-01-04');

INSERT INTO DRIVER (DriverID, FirstName, LastName, Phone, LicenseNumber, LicenseType, HireDate)
VALUES (5,'Lior','Haimovich','0500000005',100005,'C','2020-01-05');

INSERT INTO DRIVER (DriverID, FirstName, LastName, Phone, LicenseNumber, LicenseType, HireDate)
VALUES (6,'Gil','Azulay','0500000006',100006,'D','2020-01-06');

INSERT INTO DRIVER (DriverID, FirstName, LastName, Phone, LicenseNumber, LicenseType, HireDate)
VALUES (7,'Or','Dayan','0500000007',100007,'B','2020-01-07');

INSERT INTO DRIVER (DriverID, FirstName, LastName, Phone, LicenseNumber, LicenseType, HireDate)
VALUES (8,'Adi','Katz','0500000008',100008,'C','2020-01-08');

INSERT INTO DRIVER (DriverID, FirstName, LastName, Phone, LicenseNumber, LicenseType, HireDate)
VALUES (9,'Roni','Ohana','0500000009',100009,'D','2020-01-09');

INSERT INTO DRIVER (DriverID, FirstName, LastName, Phone, LicenseNumber, LicenseType, HireDate)
VALUES (10,'Itay','Friedman','0500000010',100010,'B','2020-01-10');

INSERT INTO DRIVER (DriverID, FirstName, LastName, Phone, LicenseNumber, LicenseType, HireDate)
VALUES (11,'Tomer','Mor','0500000011',100011,'C','2020-01-11');

INSERT INTO DRIVER (DriverID, FirstName, LastName, Phone, LicenseNumber, LicenseType, HireDate)
VALUES (12,'Eli','Malka','0500000012',100012,'D','2020-01-12');

INSERT INTO DRIVER (DriverID, FirstName, LastName, Phone, LicenseNumber, LicenseType, HireDate)
VALUES (13,'Matan','Bar','0500000013',100013,'B','2020-01-13');

INSERT INTO DRIVER (DriverID, FirstName, LastName, Phone, LicenseNumber, LicenseType, HireDate)
VALUES (14,'Omer','Golan','0500000014',100014,'C','2020-01-14');

INSERT INTO DRIVER (DriverID, FirstName, LastName, Phone, LicenseNumber, LicenseType, HireDate)
VALUES (15,'Nadav','BenAri','0500000015',100015,'D','2020-01-15');

INSERT INTO DRIVER (DriverID, FirstName, LastName, Phone, LicenseNumber, LicenseType, HireDate)
VALUES (16,'Idan','Aviv','0500000016',100016,'B','2020-01-16');

INSERT INTO DRIVER (DriverID, FirstName, LastName, Phone, LicenseNumber, LicenseType, HireDate)
VALUES (17,'Eitan','Sharabi','0500000017',100017,'C','2020-01-17');

INSERT INTO DRIVER (DriverID, FirstName, LastName, Phone, LicenseNumber, LicenseType, HireDate)
VALUES (18,'Shahar','Peretz','0500000018',100018,'D','2020-01-18');

INSERT INTO DRIVER (DriverID, FirstName, LastName, Phone, LicenseNumber, LicenseType, HireDate)
VALUES (19,'Yuval','Biton','0500000019',100019,'B','2020-01-19');

INSERT INTO DRIVER (DriverID, FirstName, LastName, Phone, LicenseNumber, LicenseType, HireDate)
VALUES (20,'Bar','Hazan','0500000020',100020,'C','2020-01-20');

-- Insert data into VEHICLE

INSERT INTO VEHICLE (VehicleID, LicensePlate, VehicleType, Capacity, Manufacturer, Model, Year)
VALUES (1,1111111,'Minibus',12,'Toyota',2020,2020);

INSERT INTO VEHICLE (VehicleID, LicensePlate, VehicleType, Capacity, Manufacturer, Model, Year)
VALUES (2,1111112,'Bus',50,'Mercedes',2019,2019);

INSERT INTO VEHICLE (VehicleID, LicensePlate, VehicleType, Capacity, Manufacturer, Model, Year)
VALUES (3,1111113,'Van',8,'Ford',2021,2021);

INSERT INTO VEHICLE (VehicleID, LicensePlate, VehicleType, Capacity, Manufacturer, Model, Year)
VALUES (4,1111114,'Taxi',4,'Hyundai',2022,2022);

INSERT INTO VEHICLE (VehicleID, LicensePlate, VehicleType, Capacity, Manufacturer, Model, Year)
VALUES (5,1111115,'Minibus',14,'Isuzu',2020,2020);

INSERT INTO VEHICLE (VehicleID, LicensePlate, VehicleType, Capacity, Manufacturer, Model, Year)
VALUES (6,1111116,'Bus',55,'Volvo',2018,2018);

INSERT INTO VEHICLE (VehicleID, LicensePlate, VehicleType, Capacity, Manufacturer, Model, Year)
VALUES (7,1111117,'Van',7,'Renault',2021,2021);

INSERT INTO VEHICLE (VehicleID, LicensePlate, VehicleType, Capacity, Manufacturer, Model, Year)
VALUES (8,1111118,'Taxi',4,'Kia',2022,2022);

INSERT INTO VEHICLE (VehicleID, LicensePlate, VehicleType, Capacity, Manufacturer, Model, Year)
VALUES (9,1111119,'Minibus',13,'Toyota',2020,2020);

INSERT INTO VEHICLE (VehicleID, LicensePlate, VehicleType, Capacity, Manufacturer, Model, Year)
VALUES (10,1111120,'Bus',52,'Mercedes',2019,2019);

INSERT INTO VEHICLE (VehicleID, LicensePlate, VehicleType, Capacity, Manufacturer, Model, Year)
VALUES (11,1111121,'Van',9,'Ford',2021,2021);

INSERT INTO VEHICLE (VehicleID, LicensePlate, VehicleType, Capacity, Manufacturer, Model, Year)
VALUES (12,1111122,'Taxi',4,'Hyundai',2022,2022);

INSERT INTO VEHICLE (VehicleID, LicensePlate, VehicleType, Capacity, Manufacturer, Model, Year)
VALUES (13,1111123,'Minibus',12,'Isuzu',2020,2020);

INSERT INTO VEHICLE (VehicleID, LicensePlate, VehicleType, Capacity, Manufacturer, Model, Year)
VALUES (14,1111124,'Bus',50,'Volvo',2018,2018);

INSERT INTO VEHICLE (VehicleID, LicensePlate, VehicleType, Capacity, Manufacturer, Model, Year)
VALUES (15,1111125,'Van',8,'Renault',2021,2021);

INSERT INTO VEHICLE (VehicleID, LicensePlate, VehicleType, Capacity, Manufacturer, Model, Year)
VALUES (16,1111126,'Taxi',4,'Kia',2022,2022);

INSERT INTO VEHICLE (VehicleID, LicensePlate, VehicleType, Capacity, Manufacturer, Model, Year)
VALUES (17,1111127,'Minibus',14,'Toyota',2020,2020);

INSERT INTO VEHICLE (VehicleID, LicensePlate, VehicleType, Capacity, Manufacturer, Model, Year)
VALUES (18,1111128,'Bus',55,'Mercedes',2019,2019);

INSERT INTO VEHICLE (VehicleID, LicensePlate, VehicleType, Capacity, Manufacturer, Model, Year)
VALUES (19,1111129,'Van',7,'Ford',2021,2021);

INSERT INTO VEHICLE (VehicleID, LicensePlate, VehicleType, Capacity, Manufacturer, Model, Year)
VALUES (20,1111130,'Taxi',4,'Hyundai',2022,2022);


-- Insert data into TRIP

INSERT INTO TRIP (TripID, DepartureLocation, Destination, DepartureTime, Status, DriverID, VehicleID)
VALUES (1,'Jerusalem','Tel Aviv','2024-01-01 08:00:00',true,1,1);

INSERT INTO TRIP (TripID, DepartureLocation, Destination, DepartureTime, Status, DriverID, VehicleID)
VALUES (2,'Haifa','Nazareth','2024-01-02 09:00:00',true,2,2);

INSERT INTO TRIP (TripID, DepartureLocation, Destination, DepartureTime, Status, DriverID, VehicleID)
VALUES (3,'Ashdod','Beer Sheva','2024-01-03 10:00:00',false,3,3);

INSERT INTO TRIP (TripID, DepartureLocation, Destination, DepartureTime, Status, DriverID, VehicleID)
VALUES (4,'Tel Aviv','Jerusalem','2024-01-04 11:00:00',true,4,4);

INSERT INTO TRIP (TripID, DepartureLocation, Destination, DepartureTime, Status, DriverID, VehicleID)
VALUES (5,'Eilat','Beer Sheva','2024-01-05 12:00:00',true,5,5);

INSERT INTO TRIP (TripID, DepartureLocation, Destination, DepartureTime, Status, DriverID, VehicleID)
VALUES (6,'Netanya','Haifa','2024-01-06 13:00:00',true,6,6);

INSERT INTO TRIP (TripID, DepartureLocation, Destination, DepartureTime, Status, DriverID, VehicleID)
VALUES (7,'Holon','Ashkelon','2024-01-07 14:00:00',false,7,7);

INSERT INTO TRIP (TripID, DepartureLocation, Destination, DepartureTime, Status, DriverID, VehicleID)
VALUES (8,'Raanana','Tel Aviv','2024-01-08 15:00:00',true,8,8);

INSERT INTO TRIP (TripID, DepartureLocation, Destination, DepartureTime, Status, DriverID, VehicleID)
VALUES (9,'Tiberias','Nazareth','2024-01-09 16:00:00',true,9,9);

INSERT INTO TRIP (TripID, DepartureLocation, Destination, DepartureTime, Status, DriverID, VehicleID)
VALUES (10,'Safed','Haifa','2024-01-10 17:00:00',false,10,10);

INSERT INTO TRIP (TripID, DepartureLocation, Destination, DepartureTime, Status, DriverID, VehicleID)
VALUES (11,'Jerusalem','Ashdod','2024-01-11 08:00:00',true,11,11);

INSERT INTO TRIP (TripID, DepartureLocation, Destination, DepartureTime, Status, DriverID, VehicleID)
VALUES (12,'Haifa','Tel Aviv','2024-01-12 09:00:00',true,12,12);

INSERT INTO TRIP (TripID, DepartureLocation, Destination, DepartureTime, Status, DriverID, VehicleID)
VALUES (13,'Ashkelon','Beer Sheva','2024-01-13 10:00:00',false,13,13);

INSERT INTO TRIP (TripID, DepartureLocation, Destination, DepartureTime, Status, DriverID, VehicleID)
VALUES (14,'Tel Aviv','Netanya','2024-01-14 11:00:00',true,14,14);

INSERT INTO TRIP (TripID, DepartureLocation, Destination, DepartureTime, Status, DriverID, VehicleID)
VALUES (15,'Eilat','Jerusalem','2024-01-15 12:00:00',true,15,15);

INSERT INTO TRIP (TripID, DepartureLocation, Destination, DepartureTime, Status, DriverID, VehicleID)
VALUES (16,'Holon','Haifa','2024-01-16 13:00:00',true,16,16);

INSERT INTO TRIP (TripID, DepartureLocation, Destination, DepartureTime, Status, DriverID, VehicleID)
VALUES (17,'Raanana','Ashdod','2024-01-17 14:00:00',false,17,17);

INSERT INTO TRIP (TripID, DepartureLocation, Destination, DepartureTime, Status, DriverID, VehicleID)
VALUES (18,'Tiberias','Tel Aviv','2024-01-18 15:00:00',true,18,18);

INSERT INTO TRIP (TripID, DepartureLocation, Destination, DepartureTime, Status, DriverID, VehicleID)
VALUES (19,'Nazareth','Jerusalem','2024-01-19 16:00:00',true,19,19);

INSERT INTO TRIP (TripID, DepartureLocation, Destination, DepartureTime, Status, DriverID, VehicleID)
VALUES (20,'Haifa','Eilat','2024-01-20 17:00:00',false,20,20);

-- Insert data into INSURANCE

INSERT INTO INSURANCE (InsuranceID, InsuranceCompany, PolicyNumber, StartDate, EndDate, Cost, VehicleID)
VALUES (1,'Clal',200001,'2023-01-01','2024-01-01',5000,1);

INSERT INTO INSURANCE (InsuranceID, InsuranceCompany, PolicyNumber, StartDate, EndDate, Cost, VehicleID)
VALUES (2,'Harel',200002,'2023-01-01','2024-01-01',5200,2);

INSERT INTO INSURANCE (InsuranceID, InsuranceCompany, PolicyNumber, StartDate, EndDate, Cost, VehicleID)
VALUES (3,'Phoenix',200003,'2023-01-01','2024-01-01',4800,3);

INSERT INTO INSURANCE (InsuranceID, InsuranceCompany, PolicyNumber, StartDate, EndDate, Cost, VehicleID)
VALUES (4,'Migdal',200004,'2023-01-01','2024-01-01',5100,4);

INSERT INTO INSURANCE (InsuranceID, InsuranceCompany, PolicyNumber, StartDate, EndDate, Cost, VehicleID)
VALUES (5,'Clal',200005,'2023-01-01','2024-01-01',5300,5);

INSERT INTO INSURANCE (InsuranceID, InsuranceCompany, PolicyNumber, StartDate, EndDate, Cost, VehicleID)
VALUES (6,'Harel',200006,'2023-01-01','2024-01-01',5000,6);

INSERT INTO INSURANCE (InsuranceID, InsuranceCompany, PolicyNumber, StartDate, EndDate, Cost, VehicleID)
VALUES (7,'Phoenix',200007,'2023-01-01','2024-01-01',4900,7);

INSERT INTO INSURANCE (InsuranceID, InsuranceCompany, PolicyNumber, StartDate, EndDate, Cost, VehicleID)
VALUES (8,'Migdal',200008,'2023-01-01','2024-01-01',5200,8);

INSERT INTO INSURANCE (InsuranceID, InsuranceCompany, PolicyNumber, StartDate, EndDate, Cost, VehicleID)
VALUES (9,'Clal',200009,'2023-01-01','2024-01-01',5100,9);

INSERT INTO INSURANCE (InsuranceID, InsuranceCompany, PolicyNumber, StartDate, EndDate, Cost, VehicleID)
VALUES (10,'Harel',200010,'2023-01-01','2024-01-01',5300,10);

INSERT INTO INSURANCE (InsuranceID, InsuranceCompany, PolicyNumber, StartDate, EndDate, Cost, VehicleID)
VALUES (11,'Phoenix',200011,'2023-01-01','2024-01-01',5000,11);

INSERT INTO INSURANCE (InsuranceID, InsuranceCompany, PolicyNumber, StartDate, EndDate, Cost, VehicleID)
VALUES (12,'Migdal',200012,'2023-01-01','2024-01-01',5200,12);

INSERT INTO INSURANCE (InsuranceID, InsuranceCompany, PolicyNumber, StartDate, EndDate, Cost, VehicleID)
VALUES (13,'Clal',200013,'2023-01-01','2024-01-01',4800,13);

INSERT INTO INSURANCE (InsuranceID, InsuranceCompany, PolicyNumber, StartDate, EndDate, Cost, VehicleID)
VALUES (14,'Harel',200014,'2023-01-01','2024-01-01',5100,14);

INSERT INTO INSURANCE (InsuranceID, InsuranceCompany, PolicyNumber, StartDate, EndDate, Cost, VehicleID)
VALUES (15,'Phoenix',200015,'2023-01-01','2024-01-01',5300,15);

INSERT INTO INSURANCE (InsuranceID, InsuranceCompany, PolicyNumber, StartDate, EndDate, Cost, VehicleID)
VALUES (16,'Migdal',200016,'2023-01-01','2024-01-01',5000,16);

INSERT INTO INSURANCE (InsuranceID, InsuranceCompany, PolicyNumber, StartDate, EndDate, Cost, VehicleID)
VALUES (17,'Clal',200017,'2023-01-01','2024-01-01',4900,17);

INSERT INTO INSURANCE (InsuranceID, InsuranceCompany, PolicyNumber, StartDate, EndDate, Cost, VehicleID)
VALUES (18,'Harel',200018,'2023-01-01','2024-01-01',5200,18);

INSERT INTO INSURANCE (InsuranceID, InsuranceCompany, PolicyNumber, StartDate, EndDate, Cost, VehicleID)
VALUES (19,'Phoenix',200019,'2023-01-01','2024-01-01',5100,19);

INSERT INTO INSURANCE (InsuranceID, InsuranceCompany, PolicyNumber, StartDate, EndDate, Cost, VehicleID)
VALUES (20,'Migdal',200020,'2023-01-01','2024-01-01',5300,20);


-- Insert data into MAINTENANCE

INSERT INTO MAINTENANCE (MaintenanceID, MaintenanceDate, MaintenanceType, Cost, Notes, VehicleID)
VALUES (1,'2024-01-01','Oil Change',500,'Routine service',1);

INSERT INTO MAINTENANCE (MaintenanceID, MaintenanceDate, MaintenanceType, Cost, Notes, VehicleID)
VALUES (2,'2024-01-02','Tires',800,'Replaced tires',2);

INSERT INTO MAINTENANCE (MaintenanceID, MaintenanceDate, MaintenanceType, Cost, Notes, VehicleID)
VALUES (3,'2024-01-03','Brakes',600,'Brake fix',3);

INSERT INTO MAINTENANCE (MaintenanceID, MaintenanceDate, MaintenanceType, Cost, Notes, VehicleID)
VALUES (4,'2024-01-04','Engine',1200,'Engine repair',4);

INSERT INTO MAINTENANCE (MaintenanceID, MaintenanceDate, MaintenanceType, Cost, Notes, VehicleID)
VALUES (5,'2024-01-05','Oil Change',500,'Routine service',5);

INSERT INTO MAINTENANCE (MaintenanceID, MaintenanceDate, MaintenanceType, Cost, Notes, VehicleID)
VALUES (6,'2024-01-06','Tires',800,'Replaced tires',6);

INSERT INTO MAINTENANCE (MaintenanceID, MaintenanceDate, MaintenanceType, Cost, Notes, VehicleID)
VALUES (7,'2024-01-07','Brakes',600,'Brake fix',7);

INSERT INTO MAINTENANCE (MaintenanceID, MaintenanceDate, MaintenanceType, Cost, Notes, VehicleID)
VALUES (8,'2024-01-08','Engine',1200,'Engine repair',8);

INSERT INTO MAINTENANCE (MaintenanceID, MaintenanceDate, MaintenanceType, Cost, Notes, VehicleID)
VALUES (9,'2024-01-09','Oil Change',500,'Routine service',9);

INSERT INTO MAINTENANCE (MaintenanceID, MaintenanceDate, MaintenanceType, Cost, Notes, VehicleID)
VALUES (10,'2024-01-10','Tires',800,'Replaced tires',10);

INSERT INTO MAINTENANCE (MaintenanceID, MaintenanceDate, MaintenanceType, Cost, Notes, VehicleID)
VALUES (11,'2024-01-11','Brakes',600,'Brake fix',11);

INSERT INTO MAINTENANCE (MaintenanceID, MaintenanceDate, MaintenanceType, Cost, Notes, VehicleID)
VALUES (12,'2024-01-12','Engine',1200,'Engine repair',12);

INSERT INTO MAINTENANCE (MaintenanceID, MaintenanceDate, MaintenanceType, Cost, Notes, VehicleID)
VALUES (13,'2024-01-13','Oil Change',500,'Routine service',13);

INSERT INTO MAINTENANCE (MaintenanceID, MaintenanceDate, MaintenanceType, Cost, Notes, VehicleID)
VALUES (14,'2024-01-14','Tires',800,'Replaced tires',14);

INSERT INTO MAINTENANCE (MaintenanceID, MaintenanceDate, MaintenanceType, Cost, Notes, VehicleID)
VALUES (15,'2024-01-15','Brakes',600,'Brake fix',15);

INSERT INTO MAINTENANCE (MaintenanceID, MaintenanceDate, MaintenanceType, Cost, Notes, VehicleID)
VALUES (16,'2024-01-16','Engine',1200,'Engine repair',16);

INSERT INTO MAINTENANCE (MaintenanceID, MaintenanceDate, MaintenanceType, Cost, Notes, VehicleID)
VALUES (17,'2024-01-17','Oil Change',500,'Routine service',17);

INSERT INTO MAINTENANCE (MaintenanceID, MaintenanceDate, MaintenanceType, Cost, Notes, VehicleID)
VALUES (18,'2024-01-18','Tires',800,'Replaced tires',18);

INSERT INTO MAINTENANCE (MaintenanceID, MaintenanceDate, MaintenanceType, Cost, Notes, VehicleID)
VALUES (19,'2024-01-19','Brakes',600,'Brake fix',19);

INSERT INTO MAINTENANCE (MaintenanceID, MaintenanceDate, MaintenanceType, Cost, Notes, VehicleID)
VALUES (20,'2024-01-20','Engine',1200,'Engine repair',20);

-- Insert data into FUELLOG

INSERT INTO FUELLOG (FuelLogID, FuelLogDate, FuelAmount, FuelCost, FuelStation, VehicleID, DriverID)
VALUES (1,'2024-01-01',50,350,'Paz',1,1);

INSERT INTO FUELLOG (FuelLogID, FuelLogDate, FuelAmount, FuelCost, FuelStation, VehicleID, DriverID)
VALUES (2,'2024-01-02',40,280,'Sonol',2,2);

INSERT INTO FUELLOG (FuelLogID, FuelLogDate, FuelAmount, FuelCost, FuelStation, VehicleID, DriverID)
VALUES (3,'2024-01-03',45,300,'Delek',3,3);

INSERT INTO FUELLOG (FuelLogID, FuelLogDate, FuelAmount, FuelCost, FuelStation, VehicleID, DriverID)
VALUES (4,'2024-01-04',60,420,'Paz',4,4);

INSERT INTO FUELLOG (FuelLogID, FuelLogDate, FuelAmount, FuelCost, FuelStation, VehicleID, DriverID)
VALUES (5,'2024-01-05',55,380,'Sonol',5,5);

INSERT INTO FUELLOG (FuelLogID, FuelLogDate, FuelAmount, FuelCost, FuelStation, VehicleID, DriverID)
VALUES (6,'2024-01-06',50,350,'Delek',6,6);

INSERT INTO FUELLOG (FuelLogID, FuelLogDate, FuelAmount, FuelCost, FuelStation, VehicleID, DriverID)
VALUES (7,'2024-01-07',40,280,'Paz',7,7);

INSERT INTO FUELLOG (FuelLogID, FuelLogDate, FuelAmount, FuelCost, FuelStation, VehicleID, DriverID)
VALUES (8,'2024-01-08',45,300,'Sonol',8,8);

INSERT INTO FUELLOG (FuelLogID, FuelLogDate, FuelAmount, FuelCost, FuelStation, VehicleID, DriverID)
VALUES (9,'2024-01-09',60,420,'Delek',9,9);

INSERT INTO FUELLOG (FuelLogID, FuelLogDate, FuelAmount, FuelCost, FuelStation, VehicleID, DriverID)
VALUES (10,'2024-01-10',55,380,'Paz',10,10);

INSERT INTO FUELLOG (FuelLogID, FuelLogDate, FuelAmount, FuelCost, FuelStation, VehicleID, DriverID)
VALUES (11,'2024-01-11',50,350,'Sonol',11,11);

INSERT INTO FUELLOG (FuelLogID, FuelLogDate, FuelAmount, FuelCost, FuelStation, VehicleID, DriverID)
VALUES (12,'2024-01-12',40,280,'Delek',12,12);

INSERT INTO FUELLOG (FuelLogID, FuelLogDate, FuelAmount, FuelCost, FuelStation, VehicleID, DriverID)
VALUES (13,'2024-01-13',45,300,'Paz',13,13);

INSERT INTO FUELLOG (FuelLogID, FuelLogDate, FuelAmount, FuelCost, FuelStation, VehicleID, DriverID)
VALUES (14,'2024-01-14',60,420,'Sonol',14,14);

INSERT INTO FUELLOG (FuelLogID, FuelLogDate, FuelAmount, FuelCost, FuelStation, VehicleID, DriverID)
VALUES (15,'2024-01-15',55,380,'Delek',15,15);

INSERT INTO FUELLOG (FuelLogID, FuelLogDate, FuelAmount, FuelCost, FuelStation, VehicleID, DriverID)
VALUES (16,'2024-01-16',50,350,'Paz',16,16);

INSERT INTO FUELLOG (FuelLogID, FuelLogDate, FuelAmount, FuelCost, FuelStation, VehicleID, DriverID)
VALUES (17,'2024-01-17',40,280,'Sonol',17,17);

INSERT INTO FUELLOG (FuelLogID, FuelLogDate, FuelAmount, FuelCost, FuelStation, VehicleID, DriverID)
VALUES (18,'2024-01-18',45,300,'Delek',18,18);

INSERT INTO FUELLOG (FuelLogID, FuelLogDate, FuelAmount, FuelCost, FuelStation, VehicleID, DriverID)
VALUES (19,'2024-01-19',60,420,'Paz',19,19);

INSERT INTO FUELLOG (FuelLogID, FuelLogDate, FuelAmount, FuelCost, FuelStation, VehicleID, DriverID)
VALUES (20,'2024-01-20',55,380,'Sonol',20,20);


